{
    "score test": 0.17823790243585236,
    "mse": 0.8952321768874016,
    "rmse": 0.9461670977620188,
    "mae": 0.7284626859365112
}